{
    "D05": {
        "bps": 24.196597994300504,
        "pb_ave": 1.2458553158100827,
        "pb_1up": 1.5589902751580458,
        "pb_1dn": 0.9327203564621197,
        "stdev": 0.313134959347963
    },
    "U11": {
        "bps": 29.393939393939394,
        "pb_ave": 1.274960166733153,
        "pb_1up": 1.5397141315960425,
        "pb_1dn": 1.0102062018702633,
        "stdev": 0.26475396486288955
    },
    "O39": {
        "bps": 13.907349665924276,
        "pb_ave": 1.2271457550449496,
        "pb_1up": 1.465109020914178,
        "pb_1dn": 0.9891824891757213,
        "stdev": 0.2379632658692284
    }
}